{
  "Batchfile": ["bat", "cmd", "btm"],
  "C": ["c"],
  "C#": ["cs"],
  "C++": ["cpp", "cc"],
  "CoffeeScript": ["coffee", "litcoffee"],
  "CSS": ["css"],
  "Erlang": ["erl", "hrl"],
  "Go": ["go"],
  "Haskell": ["hs", "lhs"],
  "HTML": ["html"],
  "Java": ["java"],
  "JavaScript": ["js", "es6"],
  "Jupyter Notebook": ["ipynb"],
  "Lua": ["lua"],
  "Markdown": ["md"],
  "Matlab": ["matlab", "m"],
  "Objective-C": ["mm", "m"],
  "Perl": ["pl", "pm"],
  "PHP": ["php"],
  "PowerShell": ["ps1"],
  "Python": ["py"],
  "R": ["r", "rdata", "rds", "rda"],
  "Ruby": ["rb"],
  "Rust": ["rs"],
  "Scala": ["scala"],
  "Shell": ["sh"],
  "SQL": ["sql"],
  "Swift": ["swift"],
  "TeX": ["tex"],
  "TypeScript": ["ts", "tsx"]
}
